ISBN,Book-Title,Book-Author
000651118X,The Most Wanted ,Jacquelyn Michard
786817070,A Breif History of Nearly Everything,Bill Bryson
521795028,The Lord of the Rings,J.R.R. Tolkien
1885408226,The Book Theif,Markus Zusak
600570967,The Catcher in the Rye,J.D. Salinger
9057868059,The Last Wish,Andrezej Sapkowski
342310538,The Girl with the Dragon Tattoo,Steig Larsson
679776818,The Secret Garden,Frances hodgson Burnett
747558167,Fareinheit 451,Ray Bradbury
N3453124715,Persuasion,Jane Austin
3453092007,The Hitchhiker's Guide to the Galaxy,Douglas Adams
055310666X,The Very Hungry Caterpillar,Eric Carle
440414121,The Watsons go to Birmingham,Christopher Paul Curtis
8426449476,Harry Potter and the Sorcerer's Stone,J.K. Rowling
